{"armature":[{"aabb":{"width":156.2130434782609,"y":-129.05566574540126,"height":155.5461785798176,"x":-87.5533023537262},"skin":[{"name":"","slot":[{"display":[{"width":16,"type":"mesh","vertices":[-4.6,-12.5,5,-8.45,8,0.35,6.85,7.3,0.4,12.5,-6.95,12.5,-8,8,-8,-4.9,-7.85,-12.05],"transform":{"skY":95.5632,"y":-2.073,"skX":95.5632,"x":-0.6521},"uvs":[0.2125,0,0.8125,0.162,1,0.514,0.92812,0.792,0.525,1,0.06562,1,0,0.82,0,0.304,0.00938,0.018],"triangles":[1,7,2,6,3,2,7,6,2,6,4,3,0,7,1,6,5,4,8,7,0],"path":"左手","height":25,"name":"左手","edges":[0,1,1,2,2,3,3,4,4,5,5,6,6,7,7,8,8,0],"userEdges":[]}],"name":"左手"},{"display":[{"slotPose":[0.9999999999999999,-4.163336342344337e-17,4.163336342344337e-17,0.9999999999999999,11.5,40.5],"vertices":[-41.35,-25.1,-32.4,-30.75,-15.95,-35.15,2.65,-36.5,19.4,-36.5,32.75,-32.55,42.2,-24.9,41.65,-14.7,42.4,-5.05,44.5,4.1,44.5,15.75,39.85,25.45,29.65,33.3,17.05,36.5,-7.95,36.5,-23.8,33.3,-37.7,26.9,-43.15,19.4,-44.5,11.2,-44.5,-0.65,-43.35,-12.85,-42.05,-21.45,-34.95,-4.65,-20.7,-9.75,0.65,-14.35,22.9,-13.6,34.35,-8.15,-34.95,7.9,-13.95,13.2,4.1,15.6,27.45,10.5],"path":"身体","edges":[0,1,1,2,2,3,3,4,4,5,5,6,6,7,7,8,8,9,9,10,10,11,11,12,12,13,13,14,14,15,15,16,16,17,17,18,18,19,19,20,20,21,21,0],"name":"身体","type":"mesh","transform":{"skY":95.5632,"y":-1.2357,"skX":95.5632,"x":-7.0132},"uvs":[0.03539,0.15616,0.13596,0.07877,0.32079,0.01849,0.52978,0,0.71798,0,0.86798,0.05411,0.97416,0.1589,0.96798,0.29863,0.9764,0.43082,1,0.55616,1,0.71575,0.94775,0.84863,0.83315,0.95616,0.69157,1,0.41067,1,0.23258,0.95616,0.0764,0.86849,0.01517,0.76575,0,0.65342,0,0.4911,0.01292,0.32397,0.02753,0.20616,0.1073,0.4363,0.26742,0.36644,0.5073,0.30342,0.7573,0.3137,0.88596,0.38836,0.1073,0.60822,0.34326,0.68082,0.54607,0.7137,0.80843,0.64384],"triangles":[7,26,8,8,26,9,26,30,9,9,30,10,30,11,10,25,7,6,5,25,6,25,26,7,30,12,11,30,13,12,4,25,5,25,30,26,25,29,30,29,13,30,24,29,25,3,24,4,4,24,25,29,14,13,23,28,24,2,24,3,24,28,29,28,14,29,2,23,24,28,15,14,22,27,23,1,23,2,16,15,28,27,16,28,23,27,28,1,21,23,21,22,23,17,16,27,21,20,22,0,21,1,18,17,27,19,27,22,19,18,27,20,19,22],"width":89,"bonePose":[4,-0.09694381708766088,-0.9952898554333176,0.9952898554333176,-0.09694381708766088,12.05,33.4,3,0.02397392288265919,0.9997125842068891,-0.9997125842068891,0.02397392288265919,15.55,48.45],"height":73,"weights":[1,4,1,1,4,1,1,4,1,1,4,1,1,4,1,1,4,1,1,4,1,1,4,1,1,4,1,1,3,1,1,3,1,1,3,1,1,3,1,1,3,1,1,3,1,1,3,1,1,3,1,1,3,1,1,3,1,1,4,1,1,4,1,1,4,1,1,4,1,1,4,1,1,4,1,1,4,1,1,4,1,1,3,1,1,3,1,1,3,1,1,3,1],"userEdges":[]}],"name":"身体"},{"display":[{"width":37,"type":"mesh","vertices":[-18.55,-0.2,-15.9,-7,-14.3,-14.65,-8.5,-19,5.25,-19,11.85,-16.4,16.05,-11.55,18.5,-5.1,18.5,6.55,11.35,14,5.05,14.6,-1.05,12.2,-2.5,16.1,-9.3,19,-14.8,16.1,-18.5,9.75],"transform":{"skY":51.9749,"y":1.7633,"skX":51.9749,"x":-0.1445},"uvs":[-0.00135,0.49474,0.07027,0.31579,0.11351,0.11447,0.27027,0,0.64189,0,0.82027,0.06842,0.93378,0.19605,1,0.36579,1,0.67237,0.80676,0.86842,0.63649,0.88421,0.47162,0.82105,0.43243,0.92368,0.24865,1,0.1,0.92368,0,0.75658],"triangles":[6,11,7,10,9,8,7,11,8,11,10,8,5,4,6,4,11,6,1,11,4,3,1,4,2,1,3,1,0,11,13,12,11,14,13,11,15,14,11,0,15,11],"path":"右小蘑菇头","height":38,"name":"右小蘑菇头","edges":[0,1,1,2,2,3,3,4,4,5,5,6,6,7,7,8,8,9,9,10,10,11,11,12,12,13,13,14,14,15,15,0],"userEdges":[]}],"name":"右小蘑菇头"},{"display":[{"width":39,"type":"mesh","vertices":[-19.25,-12.45,-14.6,-18.95,-2.95,-21.5,6.65,-21.5,12.4,-17.9,14.1,-11.35,13.95,-4.85,17.85,-1.9,19.5,2.45,19.5,8.2,16.9,14.4,12.1,19.8,4.5,21.5,-6.8,21.5,-9.6,15.8,-8.55,12.85,-16,11.3,-19.5,5.85,-19.5,-1.15],"transform":{"skY":137.9299,"y":-2.681,"skX":137.9299,"x":11.2533},"uvs":[0.00641,0.21047,0.12564,0.0593,0.42436,0,0.67051,0,0.81795,0.08372,0.86154,0.23605,0.85769,0.38721,0.95769,0.45581,1,0.55698,1,0.6907,0.93333,0.83488,0.81026,0.96047,0.61538,1,0.32564,1,0.25385,0.86744,0.28077,0.79884,0.08974,0.76279,0,0.63605,0,0.47326],"triangles":[7,6,8,8,6,9,6,10,9,12,11,10,6,15,10,15,12,10,4,3,5,2,6,5,3,2,5,2,18,6,18,15,6,1,0,2,0,18,2,15,13,12,17,16,15,18,17,15,15,14,13],"path":"左小蘑菇头","height":43,"name":"左小蘑菇头","edges":[0,1,1,2,2,3,3,4,4,5,5,6,6,7,7,8,8,9,9,10,10,11,11,12,12,13,13,14,14,15,15,16,16,17,17,18,18,0],"userEdges":[]}],"name":"左小蘑菇头"},{"display":[{"path":"椭圆 1","type":"image","name":"椭圆 1","transform":{"skY":-88.6263,"skX":-88.6263}}],"name":"椭圆 1"},{"display":[{"width":58,"type":"mesh","vertices":[26.75,21.5,12.95,24.3,-6.15,-23.75,-7.7,-44.1,-22.5,-61,-29,-61,-29,-30.5,-16.15,-18.35,0.4,30.5,-0.85,40.15,3.55,48.95,13.65,61,22.2,61,26.6,57.5,20.55,39.9,29,40.15,29,27.35],"transform":{"skY":-157.4646,"y":37.4915,"skX":-157.4646,"x":8.4245},"uvs":[0.96121,0.67623,0.72328,0.69918,0.39397,0.30533,0.36724,0.13852,0.11207,0,0,0,0,0.25,0.22155,0.34959,0.5069,0.75,0.48534,0.8291,0.56121,0.90123,0.73534,1,0.88276,1,0.95862,0.97131,0.85431,0.82705,1,0.8291,1,0.72418],"triangles":[0,1,16,1,14,16,14,15,16,2,7,1,11,12,13,14,11,13,10,11,14,7,8,1,9,10,14,1,8,14,8,9,14,3,6,2,6,7,2,4,6,3,5,6,4],"path":"右手+长矛","height":122,"name":"右手+长矛","edges":[0,1,1,2,2,3,3,4,4,5,5,6,6,7,7,8,8,9,9,10,10,11,11,12,12,13,13,14,14,15,15,16,16,0],"userEdges":[]}],"name":"右手+长矛"},{"display":[{"slotPose":[1,-2.7755575615628914e-17,2.7755575615628914e-17,1,6.500000000000001,-22.500000000000004],"vertices":[-39.95,49.65,-25.95,45.05,-13.5,39.4,5.05,36.25,20.8,35.4,35.05,40.1,44.3,46.8,56.55,48.35,67.8,42.15,74.5,30.3,74.5,11.25,71.35,-7.6,58.5,-28.6,34.05,-43.95,9.55,-50.45,-17.65,-50.45,-44.3,-38.55,-60.5,-24,-71.95,-4.9,-74.5,13.65,-74.5,29.3,-69.15,43.1,-55.15,50.5,-61.65,25,-47.05,0.5,-25.55,-16.65,-1.85,-27.1,28.1,-18.6,53.4,1.5,57.5,25,-39.75,37.8,-27.9,25,16.85,17.5,33.85,23.8,-15.3,19.85],"path":"蘑菇头","edges":[0,1,1,2,2,3,3,4,4,5,5,6,6,7,7,8,8,9,9,10,10,11,11,12,12,13,13,14,14,15,15,16,16,17,17,18,18,19,19,20,20,21,21,22,22,0],"name":"蘑菇头","type":"mesh","transform":{"skY":97.0257,"y":0.3189,"skX":97.0257,"x":-15.8077},"uvs":[0.23188,0.99158,0.32584,0.94604,0.4094,0.8901,0.53389,0.85891,0.6396,0.8505,0.73523,0.89703,0.79732,0.96337,0.87953,0.97871,0.95503,0.91733,1,0.8,1,0.61139,0.97886,0.42475,0.89262,0.21683,0.72852,0.06485,0.56409,0.0005,0.38154,0.0005,0.20268,0.11832,0.09396,0.26238,0.01711,0.45149,0,0.63515,0,0.7901,0.03591,0.92673,0.12987,1,0.08624,0.74752,0.18423,0.50495,0.32852,0.33515,0.48758,0.23168,0.68859,0.31584,0.85839,0.51485,0.88591,0.74752,0.23322,0.87426,0.31275,0.74752,0.61309,0.67327,0.72718,0.73564,0.39732,0.69653],"triangles":[29,8,9,11,28,10,28,29,10,29,9,10,12,28,11,29,7,8,5,6,29,33,5,29,28,33,29,29,6,7,27,28,12,13,27,12,32,33,28,27,32,28,14,27,13,33,4,5,14,26,27,32,4,33,26,32,27,26,34,32,32,3,4,25,34,26,34,3,32,15,26,14,34,2,3,15,25,26,16,25,15,25,24,34,24,31,34,34,31,2,31,1,2,31,30,1,16,17,25,17,24,25,30,0,1,23,30,31,24,23,31,22,0,30,23,22,30,23,21,22,19,23,24,17,18,24,18,19,24,20,21,23,19,20,23],"width":149,"bonePose":[5,0.10128637783794196,0.9948573112082304,-0.9948573112082304,0.10128637783794196,7.800000000000002,-19.349999999999994,9,-0.12231408627713806,-0.9924914429344914,0.9924914429344914,-0.12231408627713806,4.25,-38.14999999999999],"height":101,"weights":[1,5,1,1,5,1,1,5,1,1,5,1,1,5,1,1,5,1,1,5,1,1,5,1,1,5,1,1,5,1,1,5,1,1,9,1,1,9,1,1,9,1,1,9,1,1,9,1,1,9,1,1,9,1,1,9,1,1,9,1,1,5,1,1,5,1,1,5,1,1,5,1,1,9,1,1,9,1,1,9,1,1,9,1,1,9,1,1,5,1,1,5,1,1,5,1,1,5,1,1,5,1,1,5,1],"userEdges":[]}],"name":"蘑菇头"},{"display":[{"width":62,"type":"mesh","vertices":[-9.5,9.1,-3.85,14.5,11.6,14.5,15.7,8.95,25.15,7.9,30.1,8.25,31,1.55,31,-10.45,27.05,-14.5,8.35,-14.5,-5.05,-14.5,-21.85,-14.5,-28.7,-11.15,-31,-1.7,-31,7.2,-27.15,12.55,-21.15,14.5,-2.85,-1.95,7.5,-2.9,-2.05,4.8,8.95,5.45],"transform":{"skY":92.5908,"y":-4.4077,"skX":92.5908,"x":4.3537},"uvs":[0.34677,0.81379,0.4379,1,0.6871,1,0.75323,0.80862,0.90565,0.77241,0.98548,0.78448,1,0.55345,1,0.13966,0.93629,0,0.63468,0,0.41855,0,0.14758,0,0.0371,0.11552,0,0.44138,0,0.74828,0.0621,0.93276,0.15887,1,0.45403,0.43276,0.62097,0.4,0.46694,0.66552,0.64435,0.68793],